timestamp,systolic,diastolic,heart_rate
1732858631099,128,86,71
1732860431099,128,86,80
1732862231099,131,88,72
1732864031099,131,88,83
1732865831099,127,85,78
1732867631099,132,88,80
1732869431099,126,84,72
1732871231099,131,88,82
1732873031099,128,86,73
1732874831099,134,90,84
1732876631099,130,87,84
1732878431099,122,81,79
1732880231099,115,77,66
1732882031099,120,80,66
1732883831099,123,82,79
1732885631099,117,78,75
1732887431099,122,82,78
1732889231099,118,78,79
1732891031099,123,82,72
1732892831099,116,77,67
1732894631099,125,83,67
1732896431099,123,82,75
1732898231099,123,82,73
1732900031099,119,80,65
1732901831099,119,80,77
1732903631099,123,82,65
1732905431099,115,77,71
1732907231099,117,78,79
1732909031099,116,78,79
1732910831099,116,78,69
1732912631099,120,80,72
1732914431099,118,79,76
1732916231099,123,82,79
1732918031099,116,77,68
1732919831099,118,79,64
1732921631099,117,78,74
1732923431099,117,78,66
1732925231099,114,76,68
1732927031099,112,74,67
1732928831099,120,80,74
1732930631099,113,75,63
1732932431099,112,74,71
1732934231099,113,75,76
1732936031099,116,77,67
1732937831099,112,75,63
1732939631099,135,90,84
1732941431099,131,88,81
1732943231099,128,86,81
1732945031099,132,89,79
1732946831099,132,88,84
1732948631099,134,90,81
1732950431099,134,90,73
1732952231099,127,85,75
1732954031099,127,85,76
1732955831099,128,86,84
1732957631099,134,90,82
1732959431099,134,90,76
1732961231099,130,87,79
1732963031099,130,87,82
1732964831099,120,80,77
1732966631099,117,78,69
1732968431099,116,77,78
1732970231099,121,80,74
1732972031099,120,80,79
1732973831099,119,79,70
1732975631099,124,83,77
1732977431099,120,80,72
1732979231099,116,77,68
1732981031099,117,78,72
1732982831099,124,82,71
1732984631099,122,81,73
1732986431099,123,82,78
1732988231099,116,77,67
1732990031099,117,78,69
1732991831099,122,82,75
1732993631099,117,78,70
1732995431099,122,82,72
1732997231099,121,80,77
1732999031099,122,82,72
1733000831099,118,79,68
1733002631099,119,79,79
1733004431099,115,77,71
1733006231099,113,75,75
1733008031099,116,77,75
1733009831099,117,78,69
1733011631099,119,79,73
1733013431099,119,80,67
1733015231099,118,79,66
1733017031099,120,80,76
1733018831099,111,74,70
1733020631099,113,75,63
1733022431099,113,75,74
1733024231099,115,77,66
1733026031099,127,85,74
1733027831099,131,88,75
1733029631099,127,85,74
1733031431099,128,85,75
1733033231099,132,88,83
1733035031099,127,85,74
1733036831099,133,89,71
1733038631099,132,89,79
1733040431099,133,89,70
1733042231099,130,87,79
1733044031099,130,87,76
1733045831099,128,86,80
1733047631099,131,88,70
1733049431099,127,85,79
1733051231099,116,77,66
1733053031099,123,82,74
1733054831099,116,77,69
1733056631099,118,78,76
1733058431099,117,78,74
1733060231099,118,79,76
1733062031099,122,81,65
1733063831099,117,78,67
1733065631099,117,78,69
1733067431099,122,81,70
1733069231099,122,81,71
1733071031099,123,82,77
1733072831099,122,81,73
1733074631099,124,83,78
1733076431099,119,79,73
1733078231099,115,77,78
1733080031099,120,80,74
1733081831099,120,80,72
1733083631099,121,81,65
1733085431099,120,80,74
1733087231099,119,79,72
1733089031099,124,83,70
1733090831099,110,73,65
1733092631099,119,79,68
1733094431099,114,76,70
1733096231099,119,79,66
1733098031099,114,76,66
1733099831099,111,74,75
1733101631099,119,79,75
1733103431099,119,80,75
1733105231099,120,80,72
1733107031099,110,73,72
1733108831099,120,80,69
1733110631099,117,78,67
1733112431099,134,90,84
1733114231099,127,85,84
1733116031099,131,87,76
1733117831099,126,84,74
1733119631099,127,85,71
1733121431099,135,90,73
1733123231099,130,87,74
1733125031099,133,89,77
1733126831099,127,85,73
1733128631099,134,90,78
1733130431099,126,84,83
1733132231099,132,88,72
1733134031099,128,85,71
1733135831099,129,87,80
1733137631099,122,82,65
1733139431099,122,81,78
1733141231099,120,80,66
1733143031099,120,80,76
1733144831099,124,83,69
1733146631099,124,83,71
1733148431099,122,81,71
1733150231099,125,83,74
1733152031099,117,78,74
1733153831099,115,77,67
1733155631099,119,79,78
1733157431099,123,82,79
1733159231099,117,78,76
1733161031099,116,77,77
1733162831099,120,80,77
1733164631099,120,80,75
1733166431099,121,81,68
1733168231099,119,79,66
1733170031099,122,81,70
1733171831099,117,78,75
1733173631099,119,79,68
1733175431099,121,80,78
1733177231099,111,74,64
1733179031099,110,73,73
1733180831099,118,78,67
1733182631099,112,75,69
1733184431099,116,77,67
1733186231099,117,78,63
1733188031099,118,79,65
1733189831099,110,73,64
1733191631099,118,78,64
1733193431099,115,76,73
1733195231099,119,79,67
1733197031099,117,78,64
1733198831099,130,87,77
1733200631099,125,84,73
1733202431099,127,85,72
1733204231099,127,85,79
1733206031099,129,86,72
1733207831099,125,84,83
1733209631099,131,88,83
1733211431099,132,89,83
1733213231099,130,87,73
1733215031099,128,86,78
1733216831099,131,88,82
1733218631099,134,90,84
1733220431099,130,87,74
1733222231099,129,87,82
1733224031099,118,78,66
1733225831099,125,83,68
1733227631099,121,81,68
1733229431099,119,79,68
1733231231099,125,83,69
1733233031099,119,79,67
1733234831099,117,78,76
1733236631099,124,83,72
1733238431099,117,78,65
1733240231099,119,79,65
1733242031099,123,82,71
1733243831099,118,79,73
1733245631099,122,81,72
1733247431099,124,83,67
1733249231099,117,78,66
1733251031099,119,79,65
1733252831099,123,82,72
1733254631099,120,80,67
1733256431099,115,77,72
1733258231099,121,81,75
1733260031099,121,81,76
1733261831099,123,82,73
1733263631099,119,79,74
1733265431099,119,79,73
1733267231099,111,74,67
1733269031099,112,74,69
1733270831099,119,80,73
1733272631099,118,79,75
1733274431099,116,77,64
1733276231099,116,77,69
1733278031099,114,76,66
1733279831099,115,77,70
1733281631099,116,77,66
1733283431099,110,73,76
1733285231099,126,85,77
1733287031099,126,84,74
1733288831099,126,85,82
1733290631099,128,86,83
1733292431099,128,85,71
1733294231099,127,85,72
1733296031099,133,89,82
1733297831099,130,87,83
1733299631099,128,86,77
1733301431099,130,87,70
1733303231099,126,84,75
1733305031099,133,89,75
1733306831099,132,89,84
1733308631099,126,85,70
1733310431099,120,80,71
1733312231099,118,78,70
1733314031099,121,81,68
1733315831099,122,81,76
1733317631099,116,77,70
1733319431099,116,77,72
1733321231099,122,81,69
1733323031099,122,82,66
1733324831099,123,82,71
1733326631099,121,80,73
1733328431099,123,82,67
1733330231099,125,83,72
1733332031099,118,79,76
1733333831099,116,77,74
1733335631099,120,80,70
1733337431099,122,82,68
1733339231099,119,80,67
1733341031099,124,83,70
1733342831099,117,78,67
1733344631099,124,83,74
1733346431099,117,78,72
1733348231099,120,80,72
1733350031099,115,76,69
1733351831099,119,79,68
1733353631099,118,79,67
1733355431099,111,74,70
1733357231099,118,79,65
1733359031099,111,73,70
1733360831099,114,76,75
1733362631099,110,73,71
1733364431099,112,75,71
1733366231099,114,76,66
1733368031099,117,78,77
1733369831099,117,78,71
1733371631099,127,85,72
1733373431099,128,86,75
1733375231099,129,86,72
1733377031099,134,90,71
1733378831099,129,86,71
1733380631099,129,86,79
1733382431099,129,87,76
1733384231099,131,88,76
1733386031099,135,90,81
1733387831099,132,89,82
1733389631099,131,88,81
1733391431099,128,85,72
1733393231099,126,84,73
1733395031099,126,84,70
1733396831099,121,80,68
1733398631099,120,80,69
1733400431099,122,82,79
1733402231099,122,81,69
1733404031099,124,83,73
1733405831099,124,83,67
1733407631099,121,81,74
1733409431099,118,79,68
1733411231099,124,83,74
1733413031099,120,80,65
1733414831099,116,77,75
1733416631099,124,83,69
1733418431099,117,78,78
1733420231099,120,80,72
1733422031099,119,79,79
1733423831099,116,77,72
1733425631099,122,82,69
1733427431099,125,83,79
1733429231099,125,83,76
1733431031099,117,78,67
1733432831099,124,83,65
1733434631099,122,81,71
1733436431099,111,73,64
1733438231099,120,80,69
1733440031099,118,78,73
1733441831099,112,74,66
1733443631099,117,78,63
1733445431099,112,75,67
1733447231099,114,76,65
1733449031099,111,74,68
1733450831099,118,78,65
1733452631099,118,79,73
1733454431099,117,78,70
1733456231099,114,76,71
1733458031099,135,90,71
1733459831099,126,84,80
1733461631099,127,85,70
1733463431099,127,85,71
1733465231099,135,90,81
1733467031099,128,86,80
1733468831099,134,90,70
1733470631099,134,90,80
1733472431099,130,87,72
1733474231099,131,87,82
1733476031099,132,88,78
1733477831099,130,87,82
1733479631099,131,87,79
1733481431099,133,89,73
1733483231099,123,82,70
1733485031099,123,82,69
1733486831099,122,81,73
1733488631099,118,79,65
1733490431099,124,83,71
1733492231099,123,82,72
1733494031099,115,77,68
1733495831099,117,78,79
1733497631099,124,83,74
1733499431099,118,78,73
1733501231099,122,81,73
1733503031099,122,81,69
1733504831099,123,82,73
1733506631099,124,83,77
1733508431099,119,79,65
1733510231099,117,78,71
1733512031099,117,78,74
1733513831099,121,81,78
1733515631099,123,82,71
1733517431099,116,77,70
1733519231099,118,79,73
1733521031099,123,82,78
1733522831099,116,77,73
1733524631099,111,73,73
1733526431099,113,75,63
1733528231099,110,73,63
1733530031099,114,76,72
1733531831099,116,77,73
1733533631099,119,79,76
1733535431099,110,73,63
1733537231099,118,79,75
1733539031099,115,77,68
1733540831099,112,74,70
1733542631099,113,75,67
1733544431099,134,90,82
1733546231099,130,87,84
1733548031099,135,90,75
1733549831099,129,86,74
1733551631099,126,85,74
1733553431099,127,85,74
1733555231099,135,90,75
1733557031099,130,87,84
1733558831099,129,86,78
1733560631099,132,88,77
1733562431099,133,89,75
1733564231099,132,89,79
1733566031099,125,84,78
1733567831099,128,85,73
1733569631099,122,81,77
1733571431099,115,77,72
1733573231099,117,78,70
1733575031099,115,77,67
1733576831099,116,77,69
1733578631099,117,78,65
1733580431099,118,79,75
1733582231099,125,83,76
1733584031099,118,79,78
1733585831099,120,80,79
1733587631099,115,77,67
1733589431099,116,77,65
1733591231099,118,79,79
1733593031099,116,77,76
1733594831099,122,81,66
1733596631099,118,79,72
1733598431099,121,81,78
1733600231099,116,77,67
1733602031099,118,79,74
1733603831099,120,80,74
1733605631099,120,80,70
1733607431099,120,80,77
1733609231099,112,74,68
1733611031099,112,74,76
1733612831099,119,79,66
1733614631099,118,79,68
1733616431099,110,73,66
1733618231099,114,76,75
1733620031099,120,80,62
1733621831099,110,73,77
1733623631099,115,77,63
1733625431099,113,75,70
1733627231099,115,77,68
1733629031099,112,74,76
1733630831099,127,85,84
1733632631099,130,87,83
1733634431099,128,86,70
1733636231099,129,86,73
1733638031099,130,87,77
1733639831099,128,86,81
1733641631099,130,87,76
1733643431099,133,89,81
1733645231099,131,88,74
1733647031099,134,89,84
1733648831099,128,85,81
1733650631099,128,86,71
1733652431099,131,88,76
1733654231099,126,84,75
1733656031099,116,77,66
1733657831099,120,80,70
1733659631099,120,80,67
1733661431099,119,80,65
1733663231099,124,82,77
1733665031099,122,81,75
1733666831099,122,82,77
1733668631099,115,77,70
1733670431099,123,82,71
1733672231099,122,82,74
1733674031099,123,82,68
1733675831099,119,79,69
1733677631099,121,80,75
1733679431099,116,77,72
1733681231099,124,83,72
1733683031099,119,79,72
1733684831099,119,79,77
1733686631099,121,81,66
1733688431099,124,83,76
1733690231099,115,77,79
1733692031099,123,82,67
1733693831099,120,80,78
1733695631099,116,77,76
1733697431099,116,77,63
1733699231099,113,75,76
1733701031099,114,76,75
1733702831099,119,79,65
1733704631099,116,77,67
1733706431099,114,76,74
1733708231099,120,80,71
1733710031099,110,73,73
1733711831099,116,77,68
1733713631099,118,79,72
1733715431099,114,75,71
1733717231099,128,86,80
1733719031099,125,84,78
1733720831099,125,84,71
1733722631099,133,89,74
1733724431099,131,88,83
1733726231099,130,87,84
1733728031099,130,87,77
1733729831099,129,86,84
1733731631099,131,87,70
1733733431099,126,84,70
1733735231099,134,90,72
1733737031099,128,85,76
1733738831099,129,86,79
1733740631099,130,87,74
1733742431099,120,80,67
1733744231099,117,78,68
1733746031099,124,83,65
1733747831099,124,83,78
1733749631099,121,80,65
1733751431099,119,79,73
1733753231099,117,78,68
1733755031099,120,80,77
1733756831099,120,80,69
1733758631099,116,77,79
1733760431099,121,81,69
1733762231099,124,83,77
1733764031099,117,78,69
1733765831099,118,79,66
1733767631099,121,81,65
1733769431099,125,83,71
1733771231099,120,80,77
1733773031099,117,78,67
1733774831099,116,77,72
1733776631099,120,80,79
1733778431099,117,78,78
1733780231099,115,77,79
1733782031099,117,78,66
1733783831099,112,74,73
1733785631099,114,76,72
1733787431099,116,77,64
1733789231099,113,75,72
1733791031099,114,76,75
1733792831099,116,77,63
1733794631099,113,75,65
1733796431099,114,76,73
1733798231099,117,78,67
1733800031099,113,75,76
1733801831099,116,77,71
1733803631099,130,87,73
1733805431099,132,88,73
1733807231099,125,84,84
1733809031099,134,90,75
1733810831099,128,85,81
1733812631099,134,90,72
1733814431099,134,90,82
1733816231099,128,86,72
1733818031099,129,86,76
1733819831099,132,88,80
1733821631099,126,84,80
1733823431099,131,88,73
1733825231099,129,86,71
1733827031099,132,89,81
1733828831099,123,82,66
1733830631099,125,83,79
1733832431099,118,79,75
1733834231099,120,80,74
1733836031099,122,82,78
1733837831099,118,78,66
1733839631099,119,79,74
1733841431099,117,78,66
1733843231099,123,82,76
1733845031099,118,78,74
1733846831099,121,81,71
1733848631099,122,82,73
1733850431099,124,83,72
1733852231099,125,83,76
1733854031099,121,81,71
1733855831099,124,82,77
1733857631099,124,83,68
1733859431099,121,81,78
1733861231099,118,78,70
1733863031099,120,80,72
1733864831099,118,79,68
1733866631099,123,82,65
1733868431099,112,74,62
1733870231099,120,80,63
1733872031099,113,75,69
1733873831099,113,75,77
1733875631099,119,80,69
1733877431099,110,73,70
1733879231099,115,76,72
1733881031099,119,79,71
1733882831099,112,75,64
1733884631099,110,73,75
1733886431099,119,79,66
1733888231099,116,77,74
1733890031099,134,90,73
1733891831099,127,85,72
1733893631099,131,88,82
1733895431099,129,86,71
1733897231099,134,90,82
1733899031099,127,85,76
1733900831099,131,87,71
1733902631099,135,90,71
1733904431099,131,88,78
1733906231099,132,88,72
1733908031099,130,87,70
1733909831099,126,84,78
1733911631099,129,86,74
1733913431099,127,85,75
1733915231099,125,83,75
1733917031099,117,78,78
1733918831099,125,83,73
1733920631099,117,78,78
1733922431099,122,82,77
1733924231099,123,82,74
1733926031099,116,77,78
1733927831099,118,79,79
1733929631099,120,80,78
1733931431099,122,81,72
1733933231099,116,77,76
1733935031099,124,83,79
1733936831099,123,82,66
1733938631099,116,77,69
1733940431099,123,82,67
1733942231099,123,82,65
1733944031099,124,83,71
1733945831099,119,80,76
1733947631099,123,82,66
1733949431099,121,80,66
1733951231099,121,81,65
1733953031099,119,79,72
1733954831099,116,77,68
1733956631099,113,75,70
1733958431099,114,76,75
1733960231099,118,79,65
1733962031099,113,75,66
1733963831099,116,77,63
1733965631099,115,77,76
1733967431099,118,79,71
1733969231099,116,77,74
1733971031099,118,79,65
1733972831099,119,79,74
1733974631099,115,76,68
1733976431099,125,84,76
1733978231099,127,85,74
1733980031099,128,86,78
1733981831099,132,89,78
1733983631099,127,85,79
1733985431099,131,88,71
1733987231099,126,84,80
1733989031099,129,86,83
1733990831099,127,85,74
1733992631099,127,85,83
1733994431099,135,90,76
1733996231099,135,90,76
1733998031099,132,88,78
1733999831099,127,85,75
1734001631099,119,79,76
1734003431099,115,77,72
1734005231099,118,79,67
1734007031099,118,79,67
1734008831099,118,79,72
1734010631099,121,80,75
1734012431099,123,82,71
1734014231099,123,82,75
1734016031099,117,78,73
1734017831099,123,82,70
1734019631099,117,78,78
1734021431099,122,81,77
1734023231099,121,81,69
1734025031099,116,77,74
1734026831099,118,79,76
1734028631099,119,79,71
1734030431099,119,79,71
1734032231099,124,83,74
1734034031099,117,78,72
1734035831099,119,79,76
1734037631099,117,78,70
1734039431099,125,83,67
1734041231099,111,74,64
1734043031099,113,75,72
1734044831099,116,77,69
1734046631099,115,77,71
1734048431099,117,78,72
1734050231099,116,78,68
1734052031099,115,76,77
1734053831099,112,74,70
1734055631099,117,78,77
1734057431099,120,80,72
1734059231099,115,76,76
1734061031099,112,74,70
1734062831099,128,85,75
1734064631099,132,88,73
1734066431099,130,87,81
1734068231099,132,89,80
1734070031099,133,89,80
1734071831099,134,90,72
1734073631099,127,85,73
1734075431099,126,84,76
1734077231099,135,90,78
1734079031099,134,90,80
1734080831099,132,89,84
1734082631099,129,86,80
1734084431099,132,88,81
1734086231099,129,86,76
1734088031099,119,79,73
1734089831099,122,81,66
1734091631099,120,80,75
1734093431099,124,83,69
1734095231099,122,81,70
1734097031099,121,81,73
1734098831099,124,83,69
1734100631099,125,83,72
1734102431099,123,82,65
1734104231099,120,80,76
1734106031099,122,82,66
1734107831099,117,78,74
1734109631099,120,80,77
1734111431099,122,81,75
1734113231099,120,80,71
1734115031099,124,83,72
1734116831099,119,79,69
1734118631099,119,79,65
1734120431099,124,83,78
1734122231099,118,79,72
1734124031099,117,78,69
1734125831099,121,81,74
1734127631099,119,79,75
1734129431099,113,75,76
1734131231099,111,74,70
1734133031099,111,74,65
1734134831099,116,77,68
1734136631099,111,74,75
1734138431099,120,80,74
1734140231099,118,79,74
1734142031099,113,75,71
1734143831099,116,78,72
1734145631099,115,76,67
1734147431099,116,77,70
1734149231099,130,87,84
1734151031099,131,88,84
1734152831099,130,87,82
1734154631099,131,87,72
1734156431099,129,86,75
1734158231099,132,89,80
1734160031099,134,90,71
1734161831099,127,85,71
1734163631099,129,86,77
1734165431099,129,86,83
1734167231099,131,88,74
1734169031099,132,89,71
1734170831099,130,87,71
1734172631099,134,89,80
1734174431099,115,77,67
1734176231099,122,81,74
1734178031099,119,80,76
1734179831099,122,81,74
1734181631099,125,83,69
1734183431099,123,82,75
1734185231099,118,78,67
1734187031099,116,77,69
1734188831099,123,82,77
1734190631099,124,83,76
1734192431099,125,83,70
1734194231099,122,81,65
1734196031099,124,83,74
1734197831099,120,80,65
1734199631099,115,77,76
1734201431099,120,80,70
1734203231099,119,79,74
1734205031099,118,78,74
1734206831099,117,78,69
1734208631099,121,81,70
1734210431099,116,77,72
1734212231099,120,80,76
1734214031099,114,76,73
1734215831099,113,75,71
1734217631099,117,78,70
1734219431099,115,76,72
1734221231099,118,79,71
1734223031099,118,79,69
1734224831099,111,74,67
1734226631099,116,77,63
1734228431099,115,77,71
1734230231099,116,77,69
1734232031099,112,74,74
1734233831099,118,78,71
1734235631099,125,84,73
1734237431099,130,87,75
1734239231099,126,84,76
1734241031099,131,88,84
1734242831099,131,88,74
1734244631099,133,89,76
1734246431099,130,87,83
1734248231099,130,87,78
1734250031099,126,84,78
1734251831099,126,84,78
1734253631099,131,87,77
1734255431099,133,89,82
1734257231099,135,90,78
1734259031099,128,85,74
1734260831099,117,78,72
1734262631099,118,79,75
1734264431099,116,77,74
1734266231099,119,79,79
1734268031099,118,79,67
1734269831099,117,78,67
1734271631099,124,83,78
1734273431099,125,83,72
1734275231099,116,77,71
1734277031099,123,82,67
1734278831099,123,82,66
1734280631099,118,78,73
1734282431099,125,83,68
1734284231099,121,80,77
1734286031099,119,80,70
1734287831099,116,77,65
1734289631099,121,80,68
1734291431099,124,83,72
1734293231099,120,80,66
1734295031099,123,82,76
1734296831099,120,80,75
1734298631099,117,78,66
1734300431099,113,75,71
1734302231099,116,77,66
1734304031099,118,79,62
1734305831099,115,77,75
1734307631099,116,77,71
1734309431099,111,74,73
1734311231099,111,74,75
1734313031099,118,78,72
1734314831099,116,77,72
1734316631099,111,74,66
1734318431099,116,77,72
1734320231099,111,74,70
1734322031099,130,87,74
1734323831099,133,89,82
1734325631099,129,86,82
1734327431099,128,86,81
1734329231099,133,89,78
1734331031099,129,86,72
1734332831099,129,86,71
1734334631099,134,89,74
1734336431099,128,86,73
1734338231099,127,85,74
1734340031099,133,89,83
1734341831099,128,85,75
1734343631099,126,84,77
1734345431099,128,86,74
1734347231099,121,81,70
1734349031099,124,83,66
1734350831099,124,83,76
1734352631099,120,80,77
1734354431099,121,81,76
1734356231099,117,78,79
1734358031099,122,81,68
1734359831099,124,83,78
1734361631099,116,77,77
1734363431099,117,78,74
1734365231099,119,79,71
1734367031099,117,78,76
1734368831099,117,78,68
1734370631099,118,78,73
1734372431099,119,79,79
1734374231099,120,80,68
1734376031099,123,82,65
1734377831099,117,78,76
1734379631099,119,79,71
1734381431099,121,81,75
1734383231099,121,81,72
1734385031099,120,80,72
1734386831099,111,74,68
1734388631099,115,76,76
1734390431099,114,76,77
1734392231099,117,78,71
1734394031099,120,80,75
1734395831099,112,74,69
1734397631099,111,74,70
1734399431099,116,77,77
1734401231099,110,73,65
1734403031099,115,77,72
1734404831099,116,77,70
1734406631099,118,79,63
1734408431099,128,86,80
1734410231099,131,88,81
1734412031099,131,88,78
1734413831099,129,86,84
1734415631099,133,89,72
1734417431099,131,88,75
1734419231099,129,86,84
1734421031099,135,90,78
1734422831099,135,90,80
1734424631099,129,87,73
1734426431099,127,85,78
1734428231099,135,90,80
1734430031099,133,89,76
1734431831099,126,84,76
1734433631099,120,80,73
1734435431099,123,82,70
1734437231099,116,77,72
1734439031099,121,80,71
1734440831099,120,80,78
1734442631099,119,79,65
1734444431099,119,79,74
1734446231099,121,81,65
1734448031099,116,77,75
1734449831099,118,78,77
1734451631099,117,78,68
1734453431099,116,77,75
1734455231099,116,77,71
1734457031099,125,83,67
1734458831099,121,81,67
1734460631099,125,83,71
1734462431099,117,78,72
1734464231099,122,82,73
1734466031099,118,79,70
1734467831099,124,83,73
1734469631099,119,80,79
1734471431099,121,81,75
1734473231099,119,80,71
1734475031099,115,77,64
1734476831099,112,75,63
1734478631099,112,74,65
1734480431099,111,74,75
1734482231099,113,75,74
1734484031099,112,74,72
1734485831099,120,80,63
1734487631099,113,75,64
1734489431099,112,74,75
1734491231099,113,75,74
1734493031099,114,75,68
1734494831099,133,89,81
1734496631099,134,90,84
1734498431099,130,87,71
1734500231099,130,87,81
1734502031099,130,87,75
1734503831099,131,88,74
1734505631099,134,90,73
1734507431099,126,84,81
1734509231099,130,87,77
1734511031099,128,86,79
1734512831099,126,84,80
1734514631099,129,86,81
1734516431099,127,85,82
1734518231099,132,88,72
1734520031099,122,81,77
1734521831099,122,81,75
1734523631099,124,83,65
1734525431099,123,82,71
1734527231099,120,80,71
1734529031099,123,82,78
1734530831099,124,83,69
1734532631099,124,83,71
1734534431099,115,77,79
1734536231099,121,81,72
1734538031099,118,79,73
1734539831099,121,81,65
1734541631099,123,82,71
1734543431099,117,78,79
1734545231099,120,80,67
1734547031099,118,79,68
1734548831099,122,81,74
1734550631099,124,83,72
1734552431099,124,83,72
1734554231099,121,81,76
1734556031099,120,80,72
1734557831099,118,78,76
1734559631099,115,76,69
1734561431099,117,78,63
1734563231099,113,75,67
1734565031099,117,78,76
1734566831099,119,80,68
1734568631099,115,77,74
1734570431099,120,80,76
1734572231099,112,75,77
1734574031099,111,74,64
1734575831099,110,73,69
1734577631099,119,80,70
1734579431099,115,77,72
1734581231099,130,87,81
1734583031099,132,88,72
1734584831099,131,88,84
1734586631099,130,87,82
1734588431099,126,84,77
1734590231099,126,84,77
1734592031099,129,86,77
1734593831099,135,90,78
1734595631099,127,85,82
1734597431099,127,85,71
1734599231099,125,84,74
1734601031099,134,90,78
1734602831099,131,88,70
1734604631099,129,86,73
1734606431099,124,83,75
1734608231099,122,82,76
1734610031099,117,78,66
1734611831099,124,83,72
1734613631099,125,83,69
1734615431099,124,83,75
1734617231099,121,81,72
1734619031099,124,83,76
1734620831099,118,78,65
1734622631099,121,81,69
1734624431099,119,80,66
1734626231099,123,82,66
1734628031099,121,81,77
1734629831099,116,77,79
1734631631099,123,82,77
1734633431099,125,83,78
1734635231099,121,81,69
1734637031099,121,80,70
1734638831099,123,82,71
1734640631099,120,80,68
1734642431099,117,78,67
1734644231099,122,81,71
1734646031099,114,76,72
1734647831099,114,76,64
1734649631099,111,73,64
1734651431099,116,77,64
1734653231099,112,74,62
1734655031099,112,74,66
1734656831099,116,77,74
1734658631099,113,75,70
1734660431099,114,76,66
1734662231099,113,75,63
1734664031099,113,75,67
1734665831099,113,75,64
1734667631099,127,85,75
1734669431099,134,90,81
1734671231099,125,84,72
1734673031099,132,89,71
1734674831099,125,84,75
1734676631099,129,86,80
1734678431099,129,86,76
1734680231099,135,90,76
1734682031099,130,87,78
1734683831099,133,89,71
1734685631099,126,84,73
1734687431099,127,85,78
1734689231099,127,85,75
1734691031099,125,84,77
1734692831099,117,78,74
1734694631099,121,80,68
1734696431099,123,82,78
1734698231099,120,80,73
1734700031099,121,81,65
1734701831099,115,77,78
1734703631099,115,77,71
1734705431099,125,83,77
1734707231099,117,78,74
1734709031099,116,77,66
1734710831099,124,83,66
1734712631099,119,79,66
1734714431099,124,82,70
1734716231099,117,78,73
1734718031099,122,81,67
1734719831099,117,78,69
1734721631099,120,80,74
1734723431099,118,79,73
1734725231099,122,81,66
1734727031099,120,80,76
1734728831099,122,82,78
1734730631099,122,81,77
1734732431099,119,79,68
1734734231099,110,73,77
1734736031099,112,74,69
1734737831099,115,76,74
1734739631099,111,74,67
1734741431099,112,74,68
1734743231099,119,79,75
1734745031099,115,77,65
1734746831099,118,78,68
1734748631099,112,75,75
1734750431099,117,78,71
1734752231099,119,80,72
1734754031099,133,89,78
1734755831099,135,90,76
1734757631099,133,89,74
1734759431099,126,84,84
1734761231099,130,87,80
1734763031099,135,90,72
1734764831099,127,85,79
1734766631099,133,89,76
1734768431099,129,86,77
1734770231099,126,84,73
1734772031099,133,89,71
1734773831099,132,88,72
1734775631099,130,87,80
1734777431099,132,88,70
1734779231099,117,78,74
1734781031099,117,78,73
1734782831099,120,80,70
1734784631099,122,81,66
1734786431099,116,77,66
1734788231099,124,83,77
1734790031099,115,77,65
1734791831099,120,80,73
1734793631099,117,78,67
1734795431099,120,80,70
1734797231099,121,81,74
1734799031099,122,82,67
1734800831099,124,83,77
1734802631099,119,80,77
1734804431099,117,78,79
1734806231099,123,82,66
1734808031099,123,82,73
1734809831099,124,82,69
1734811631099,117,78,69
1734813431099,125,83,75
1734815231099,118,78,75
1734817031099,123,82,70
1734818831099,111,74,64
1734820631099,113,75,68
1734822431099,120,80,75
1734824231099,113,75,70
1734826031099,114,75,63
1734827831099,113,75,68
1734829631099,117,78,62
1734831431099,116,77,64
1734833231099,113,75,62
1734835031099,116,77,63
1734836831099,110,73,77
1734838631099,115,76,73
1734840431099,130,87,81
1734842231099,131,88,74
1734844031099,128,85,76
1734845831099,133,89,75
1734847631099,128,86,80
1734849431099,129,86,78
1734851231099,135,90,84
1734853031099,133,89,71
1734854831099,131,87,80
1734856631099,133,89,70
1734858431099,130,87,83
1734860231099,128,86,76
1734862031099,132,88,80
1734863831099,125,84,82
1734865631099,122,81,78
1734867431099,120,80,69
1734869231099,124,83,70
1734871031099,117,78,75
1734872831099,116,77,77
1734874631099,121,81,65
1734876431099,116,77,70
1734878231099,120,80,76
1734880031099,124,83,70
1734881831099,121,81,69
1734883631099,124,82,70
1734885431099,118,78,76
1734887231099,121,81,69
1734889031099,121,81,79
1734890831099,124,83,78
1734892631099,116,77,73
1734894431099,120,80,68
1734896231099,116,78,73
1734898031099,116,77,78
1734899831099,124,83,74
1734901631099,119,79,71
1734903431099,123,82,68
1734905231099,116,77,72
1734907031099,115,76,67
1734908831099,114,76,72
1734910631099,118,78,77
1734912431099,111,74,67
1734914231099,114,76,68
1734916031099,117,78,64
1734917831099,117,78,76
1734919631099,118,79,65
1734921431099,119,79,64
1734923231099,112,75,67
1734925031099,115,77,62
1734926831099,125,84,77
1734928631099,134,90,75
1734930431099,130,87,74
1734932231099,126,84,73
1734934031099,132,88,72
1734935831099,132,89,72
1734937631099,133,89,72
1734939431099,130,87,71
1734941231099,126,84,72
1734943031099,131,88,82
1734944831099,126,84,79
1734946631099,127,85,71
1734948431099,127,85,80
1734950231099,133,89,84
1734952031099,122,81,68
1734953831099,116,77,66
1734955631099,122,82,71
1734957431099,118,79,72
1734959231099,124,83,67
1734961031099,125,83,66
1734962831099,119,79,73
1734964631099,115,77,65
1734966431099,121,81,73
1734968231099,115,77,65
1734970031099,122,81,68
1734971831099,121,81,76
1734973631099,118,79,65
1734975431099,117,78,72
1734977231099,122,81,72
1734979031099,118,78,69
1734980831099,124,83,74
1734982631099,122,81,71
1734984431099,120,80,76
1734986231099,116,77,66
1734988031099,123,82,67
1734989831099,123,82,66
1734991631099,114,76,73
1734993431099,110,73,69
1734995231099,113,75,75
1734997031099,118,79,73
1734998831099,112,74,70
1735000631099,115,76,66
1735002431099,116,77,70
1735004231099,111,74,68
1735006031099,114,76,68
1735007831099,113,75,67
1735009631099,119,79,70
1735011431099,115,76,67
1735013231099,126,84,84
1735015031099,130,87,72
1735016831099,132,88,83
1735018631099,131,88,70
1735020431099,125,84,75
1735022231099,126,84,75
1735024031099,125,84,71
1735025831099,129,87,84
1735027631099,127,85,70
1735029431099,132,88,79
1735031231099,125,84,81
1735033031099,131,88,70
1735034831099,125,84,80
1735036631099,133,89,72
1735038431099,125,83,74
1735040231099,123,82,67
1735042031099,117,78,70
1735043831099,122,82,79
1735045631099,119,79,70
1735047431099,123,82,71
1735049231099,116,77,67
1735051031099,120,80,78
1735052831099,117,78,74
1735054631099,116,77,67
1735056431099,123,82,78
1735058231099,117,78,68
1735060031099,117,78,66
1735061831099,121,81,77
1735063631099,121,81,71
1735065431099,118,79,75
1735067231099,119,79,73
1735069031099,116,77,72
1735070831099,124,83,70
1735072631099,121,81,71
1735074431099,115,77,66
1735076231099,125,83,68
1735078031099,111,74,66
1735079831099,116,77,75
1735081631099,120,80,67
1735083431099,112,74,74
1735085231099,118,79,67
1735087031099,114,76,73
1735088831099,120,80,74
1735090631099,111,74,67
1735092431099,111,74,64
1735094231099,117,78,66
1735096031099,117,78,71
1735097831099,118,79,66
1735099631099,126,84,82
1735101431099,133,89,79
1735103231099,131,88,76
1735105031099,132,89,83
1735106831099,127,85,70
1735108631099,135,90,78
1735110431099,132,89,82
1735112231099,135,90,75
1735114031099,129,86,74
1735115831099,128,86,78
1735117631099,125,84,82
1735119431099,133,89,72
1735121231099,127,85,72
1735123031099,132,89,82
1735124831099,118,79,76
1735126631099,116,77,75
1735128431099,123,82,72
1735130231099,119,80,66
1735132031099,123,82,77
1735133831099,122,81,70
1735135631099,117,78,75
1735137431099,123,82,71
1735139231099,121,81,74
1735141031099,119,79,67
1735142831099,120,80,69
1735144631099,118,78,68
1735146431099,116,77,78
1735148231099,119,79,71
1735150031099,116,77,70
1735151831099,121,80,65
1735153631099,124,83,72
1735155431099,124,83,67
1735157231099,119,79,76
1735159031099,119,79,65
1735160831099,123,82,68
1735162631099,121,81,75
1735164431099,116,77,69
1735166231099,113,75,72
1735168031099,112,75,63
1735169831099,112,74,65
1735171631099,117,78,73
1735173431099,111,74,67
1735175231099,111,73,64
1735177031099,116,77,67
1735178831099,114,76,71
1735180631099,115,76,77
1735182431099,111,74,72
1735184231099,118,79,64
1735186031099,130,87,77
1735187831099,129,86,71
1735189631099,133,89,83
1735191431099,131,88,82
1735193231099,126,84,83
1735195031099,134,90,77
1735196831099,130,87,82
1735198631099,131,88,76
1735200431099,129,86,78
1735202231099,134,90,76
1735204031099,127,85,78
1735205831099,128,86,71
1735207631099,127,85,71
1735209431099,128,85,77
1735211231099,120,80,77
1735213031099,123,82,66
1735214831099,120,80,77
1735216631099,118,79,79
1735218431099,116,77,73
1735220231099,122,81,70
1735222031099,116,77,75
1735223831099,118,79,66
1735225631099,122,82,73
1735227431099,121,81,69
1735229231099,122,81,75
1735231031099,121,80,74
1735232831099,116,77,69
1735234631099,119,79,71
1735236431099,121,80,68
1735238231099,124,83,75
1735240031099,119,79,69
1735241831099,120,80,65
1735243631099,119,79,76
1735245431099,117,78,70
1735247231099,120,80,69
1735249031099,125,83,73
1735250831099,120,80,64
1735252631099,114,76,63
1735254431099,110,73,73
1735256231099,116,77,68
1735258031099,111,74,66
1735259831099,118,79,76
1735261631099,118,78,65
1735263431099,117,78,76
1735265231099,117,78,76
1735267031099,110,73,71
1735268831099,111,74,76
1735270631099,111,74,73
1735272431099,127,85,83
1735274231099,130,87,76
1735276031099,135,90,83
1735277831099,127,85,80
1735279631099,129,86,72
1735281431099,130,87,76
1735283231099,128,85,74
1735285031099,127,85,84
1735286831099,130,87,82
1735288631099,126,84,80
1735290431099,134,90,70
1735292231099,126,84,80
1735294031099,127,85,76
1735295831099,130,87,77
1735297631099,119,79,74
1735299431099,122,82,77
1735301231099,119,79,68
1735303031099,118,79,74
1735304831099,117,78,71
1735306631099,123,82,65
1735308431099,121,81,76
1735310231099,123,82,75
1735312031099,124,83,77
1735313831099,119,79,74
1735315631099,118,78,72
1735317431099,121,80,77
1735319231099,117,78,74
1735321031099,122,81,71
1735322831099,115,77,66
1735324631099,125,83,77
1735326431099,125,83,77
1735328231099,118,78,71
1735330031099,119,79,78
1735331831099,118,79,74
1735333631099,121,81,76
1735335431099,119,80,74
1735337231099,117,78,64
1735339031099,112,74,63
1735340831099,114,76,74
1735342631099,116,77,65
1735344431099,120,80,65
1735346231099,119,80,69
1735348031099,118,78,74
1735349831099,119,79,66
1735351631099,114,76,77
1735353431099,118,78,64
1735355231099,118,78,71
1735357031099,115,77,74
1735358831099,127,85,82
1735360631099,126,84,76
1735362431099,128,86,74
1735364231099,132,89,81
1735366031099,133,89,70
1735367831099,131,88,82
1735369631099,132,88,70
1735371431099,126,84,81
1735373231099,129,86,73
1735375031099,127,85,70
1735376831099,131,88,77
1735378631099,134,90,73
1735380431099,128,86,73
1735382231099,129,86,80
1735384031099,120,80,72
1735385831099,122,81,71
1735387631099,122,81,73
1735389431099,122,82,78
1735391231099,118,79,71
1735393031099,119,79,77
1735394831099,116,77,79
1735396631099,121,81,77
1735398431099,120,80,76
1735400231099,116,77,76
1735402031099,125,83,79
1735403831099,118,79,79
1735405631099,120,80,71
1735407431099,123,82,76
1735409231099,120,80,74
1735411031099,125,83,68
1735412831099,124,83,75
1735414631099,124,83,68
1735416431099,120,80,77
1735418231099,123,82,65
1735420031099,115,77,69
1735421831099,118,79,70
1735423631099,119,80,75
1735425431099,118,79,63
1735427231099,118,78,74
1735429031099,117,78,73
1735430831099,113,75,75
1735432631099,115,76,67
1735434431099,115,76,68
1735436231099,116,77,70
1735438031099,111,73,73
1735439831099,111,74,64
1735441631099,117,78,66
1735443431099,111,74,69
1735445231099,130,87,80
1735447031099,135,90,75
1735448831099,134,90,71
1735450631099,129,86,74
